4k数据块随机读iops,4k数据块随机写iops,4k数据块随机读95%延迟,4k数据块随机写95%延迟,4k数据块随机读最大延迟,4k数据块随机写最大延迟,随机读吞吐量,随机写吞吐量
4079.433333,1745.833333,.29us,.33us,104.80us,29.70us,42.35,28.23
3993.338983,1706.677966,.29us,.34us,68.65us,58.86us,40.85,27.22
4016.8,1716.916667,.29us,.34us,74.89us,38.60us,40.48,26.98